tweet_id,text,TRU,DIS,JOY,SAD,ANT,SUR,ANG,FEA,NEUTRAL,conf_tru_dis,conf_joy_sad,conf_ant_sur,conf_ang_fea,num_annot
443844230512144385l,$LREN3 - Lojas Renner (lren-nm) - Ago - 17/04/2014 - 11h00 - Dividendos http://t.co/3PJlEQcEpB,0,0,0,0,0,0,0,0,1,1.000,1.000,1.000,1.000,3
449686405611274240l,"A LIGHT S.A. fechou o dia de hoje ao preço de R$ 18,65 (-1,37%) com volume de R$ 22,14 mm.
$LIGT3",0,0,0,0,0,0,0,0,1,1.000,1.000,1.000,1.000,3
441215300357586944l,$PETR3 - Petrobras (petr)- Candidatos Ind. Pelos Acionistas Nao Controladores P. Ca E Cf http://t.co/3ikzgdwt6j,0,0,0,0,0,0,0,0,1,0.667,0.667,0.667,0.667,3
456140272339279872l,"No momento PETR4 respeita o suporte de R$15,42.",0,0,0,0,0,0,0,0,1,0.667,0.667,0.667,0.667,3
456846119000342528l,"Rastreamento ações-Gráfico diário-14h. Analise se romper:BEEF3 10,52 BRAP4 21,55 CESP6 27,77 ELPL4 9,18 ENBR3 10,59  IGTA3 22,08 LIGT3 19,05",0,0,0,0,0,0,0,0,1,0.667,0.667,0.667,0.667,3
444557092226342912l,Ativo c/ vol Financeiro Superior à sua MM21-16h: LREN3 MGLU3 MILS3 MRVE3 PINE4 SLCE3 SUZB5 USIM3 USIM5,0,0,0,0,0,0,0,0,1,1.000,1.000,1.000,1.000,3
445895082685001728l,"Análises de Resultados 4T13 - BRML3, FLRY3, MRVE3, SCAR3,SUZB5 por Ativa, Concódia, Coinvalores e XP em Boletins.http://t.co/qwST2T7ucy",0,0,0,0,0,0,0,0,1,1.000,1.000,1.000,1.000,3
460888883191115776l,"28/04 O Ibovespa fechou estável, aos 51.395pts. Destaques: GOLL4 +4,04% e OIBR4 -5,98%. http://t.co/j9yUOf2ipY",0,0,0,0,0,0,0,0,1,1.000,1.000,1.000,1.000,3
466925490637651968l,$CYRE3 - Cyrela Realt (cyre-nm) - Demonstracoes Financeiras De 31/03/2014 (cons) http://t.co/XJ0GiprNLN,0,0,0,0,0,0,0,0,1,0.667,0.667,0.667,0.667,3
459421284469080064l,$FIBR3 - Fibria (fibr-nm)- Demonstracoes Financeiras Em Ingles De 31/03/2014 http://t.co/LQafhhsV5y,0,0,0,0,0,0,0,0,1,1.000,1.000,1.000,1.000,3
443393619546763264l,Análise técnica completa para o pregão de hoje na @Info_BMFBOVESPA  sobre a empresa @petrobras (PETR4) http://t.co/UK8fQ0a7RC,0,0,0,0,0,0,0,0,1,0.667,0.667,0.667,0.667,3
441932039294836736l,$LIGT3 - Light S/a (ligt-nm) - Alteracao Do Calendario De Eventos Corporativos http://t.co/XjNJgpnqcw,0,0,0,0,0,0,0,0,1,1.000,1.000,1.000,1.000,3
444092271831842816l,"DESTAQUE - Resultados B2W (BTOW3), CCR (CCRO3) e Americanas (LAME3). Leia as analises http://t.co/sEwXBRgrrM",0,0,0,0,0,0,0,0,1,0.667,0.667,0.667,0.667,3
441245930285563904l,"Essa #KROT3 é um mistério. Tenho a olhada de perto desde os R$ 35. Papel bem alugado mas não cede nunca!
@ferrisss",0,0,0,0,0,1,0,0,0,0.667,0.667,0.667,0.667,3
443439285707223040l,"@PedroCerize https://t.co/TRZN6adp88

Tem tudo ai,compraram em 2010 petr3,bbas3",0,0,0,0,0,0,0,0,1,1.000,1.000,1.000,1.000,3
458336411163578369l,RT @joanarauhl: o afonso anda meio desaparecido,0,0,0,0,0,0,0,0,1,1.000,1.000,1.000,1.000,3
449543815712759809l,$ELET3 - Eletrobras (elet-n1) - Demonstracoes Financeiras De 31/12/2013 (cons) http://t.co/94fk4X66p1,0,0,0,0,0,0,0,0,1,1.000,1.000,1.000,1.000,3
470030904614989824l,"RT @Rivanews: Nessa sexta-feira #HGTX3 registrou seu décimo pregão em baixa, veja o gráfico. http://t.co/tdAlWhXqy9",0,0,0,0,0,0,0,0,1,1.000,1.000,1.000,1.000,3
449938218486886400l,"Em 31.05.2004 Petrobras PN - PETR4 estava a R$ 7,20 - Bovespa - http://t.co/ASPBmyoBSk http://t.co/YpKzyffh4h @stanleyburburin",0,0,0,0,0,0,0,0,1,1.000,0.667,1.000,1.000,3
449526805775790080l,PETR4 sobe 8% e a gremistada preocupada com o contrato das estruturas temporárias ... Vida injusta essa!,0,1,0,1,0,1,1,0,0,0.667,0.667,0.667,0.667,3
451729945572556800l,“@klarivasquez: “@omgthatspunny: http://t.co/tRCByRkKm0” @vikki_cruz3”,0,0,0,0,0,0,0,0,1,0.667,0.667,0.667,0.667,3
446649086075469824l,"#PETR4 R$13,68 ! o.O (3 dias seguidos de arrancada já !)",1,0,1,0,0,1,0,0,0,1.000,1.000,1.000,1.000,3
459321704565977089l,"RT @ativacorretora: Análises técnicas para IBOV, S&amp,P500, PETR4, VALE5, ABEV3, VIVT4, CMIG4, NATU3, ITUB4, PDGR3 e GGBR4  http://t.co/5cppN3…",0,0,0,0,0,0,0,0,1,0.667,0.667,0.667,0.667,3
450605466079723520l,$ELET3 - Eletrobras (elet-n1) - Material A Disp. (indic. De Candidatos A Membros Do Ca) http://t.co/myIM01vKEt,0,0,0,0,0,0,0,0,1,0.667,0.667,0.667,0.667,3
464029861573849088l,$BBAS3 - Banco Do Brasil (bbas-nm)- Dfs Consolidadas De 31/03/2014 http://t.co/VoH5wuvaMP,0,0,0,0,0,0,0,0,1,0.667,0.667,0.667,0.667,3
445988803610951682l,JBSS3 comprar a R$ 7.57 indicado em 18/03/2014 15:23 e finalizou a venda com resultado de R$ -0.13 ou -1.72 % http://t.co/kgt1YiTbF7,0,0,0,0,0,0,0,0,1,0.667,0.667,0.667,0.667,3
451713489749307392l,"VALE5 nao passa de 29,90",0,0,0,0,1,0,0,0,0,0.667,0.667,0.667,0.667,3
453885671300947968l,A última indicação da #ELPL4 resultou em 11.43 %. Confira a nova indicação agora em http://t.co/kgt1YiTbF7,0,0,0,0,0,0,0,0,1,0.667,0.667,0.667,0.667,3
450952640839434241l,#ELET3 Suportes e resistências http://t.co/juDMDBysvA,0,0,0,0,0,0,0,0,1,1.000,1.000,1.000,1.000,3
445670709751451648l,"Acabei de analisar BVMF3, ITUB4, PDGR3, PETR4, USIM5 e VALE5 no INVISTA EM AÇÕES. Confira na seção de Análises http://t.co/LNFxOOww7g",0,0,0,0,0,0,0,0,1,1.000,1.000,1.000,1.000,3
446787453655871488l,"Petrobrás Pn (PETR4), Gráfico Diário. Ativo reage ... http://t.co/zDGdcritMa",0,0,0,0,0,0,0,0,1,0.667,0.667,0.667,0.667,3
446039968562298880l,"Maiores Altas: LLXL3 +7,79% | OIBR4 +6,14% | JBSS3 +6,11% | RSID3 +5,67% | ELET3 +4,83%.",0,0,0,0,0,0,0,0,1,1.000,1.000,1.000,1.000,3
441259169996615680l,Algo me diz que vou ver a #PETR4 na casa dos 12 hoje ainda.. vamos aguardar.. :),1,0,1,0,1,0,0,0,0,1.000,1.000,1.000,1.000,3
455124389630337024l,seu perfil foi visto por 6 pessoas nas últimas 2 horas http://t.co/uivLxxo16M,0,0,0,0,0,0,0,0,1,0.667,0.667,0.667,0.667,3
443569857397669889l,#Vale5 (mensagem: 951284)  http://t.co/Mmx6s9Vd7i,0,0,0,0,0,0,0,0,1,1.000,1.000,1.000,1.000,3
469897073421451264l,A última indicação da #KROT3 resultou em -1.07 %. Confira a nova indicação agora em http://t.co/kgt1YiTbF7,0,0,0,0,0,0,0,0,1,1.000,1.000,1.000,1.000,3
441952556370374656l,"VALE5 tá muito barata. Mas eu não aumento posição perdedora. Vamos administrandoas opções. Encerrei VALED31 c/lucro de $0,52 cada. Not bad..",1,0,1,0,0,0,0,0,0,0.667,0.667,0.667,0.667,3
448993291502354432l,#LLXL3 - 4ºT/2013 - R$-11.9mi,0,0,0,0,0,0,0,0,1,0.667,0.667,0.667,0.667,3
459685070555852800l,Usim5 de olho na cp,0,0,0,0,0,0,0,0,1,0.667,0.667,0.667,0.667,3
443862013387616256l,#USIM5 (mensagem: 951417)  http://t.co/qJauDAJSRq,0,0,0,0,0,0,0,0,1,1.000,1.000,1.000,1.000,3
460756892646907904l,$RSID3 - Rossi Resid (rsid-nm) - Indicacao De Candidato A Membro Do Conselho De Admin. http://t.co/XAZrrT0xHk,0,0,0,0,0,0,0,0,1,1.000,1.000,1.000,1.000,3
456407462023671808l,$ALLL3 - All Amer Lat (alll-nm) - Fato Relevante - Previa De Resultados 1t14 http://t.co/6jqyX7S8Jw,0,0,0,0,0,0,0,0,1,0.667,0.667,0.667,0.667,3
458672647212384257l,#alll3 encerrando 50% restante BE,0,0,0,0,0,0,0,0,1,0.667,0.667,1.000,1.000,3
449309754368614400l,CMIG4 – Gráfico – 27-03-2014 http://t.co/9LQg2HCy97,0,0,0,0,0,0,0,0,1,0.667,0.667,0.667,0.667,3
441270974122827776l,JBSS3 vender a R$ 7.39 indicado em 05/03/2014 14:56 e finalizou a compra com resultado de R$ -0.30 ou -3.90 % http://t.co/kgt1YiTbF7,0,0,0,0,0,0,0,0,1,1.000,1.000,1.000,1.000,3
444704970009772032l,RT @aguusmenao: Adormir,0,0,0,0,0,0,0,0,1,1.000,1.000,1.000,1.000,3
445992104125550593l,Qum está empurrando winj14?  Vale e petr4 que não são neste momento,0,0,0,0,0,0,0,0,1,1.000,1.000,0.667,0.667,3
460784899197505536l,"#USIM5 está se segurando bem, zona muito boa de suporte. Se furar 9,07 o movimento pode começar a ganhar força.",1,0,1,0,1,0,0,0,0,0.667,0.667,0.667,0.667,3
451080521926602752l,Ativo c/ vol Financeiro Superior à sua MM21-16h:  TECN3 VAGR3 VIVT4 WEGE3,0,0,0,0,0,0,0,0,1,0.667,0.667,0.667,0.667,3
472426758437089280l,"Rastreamento ações-Gráfico SEMANAL-14h. BTOW3 29,04 EMBR3 20,40 GUAR3 104,25 IGTA3 22,96 SMLE3 41,59 TIMP3 12,49",0,0,0,0,0,0,0,0,1,0.750,0.750,0.750,0.750,4
445926348448485378l,Estratégia de Análise Técnica para o pregão de hoje! #analisetecnica #CIEL3  http://t.co/TgcPz0VU27,0,0,0,0,0,0,0,0,1,0.667,0.667,0.667,0.667,3
445918525329534976l,"RT @Smarttrade10: Destaques de BTC
VAGR3, BRKM5 e BBAS3
PETR4 segue bastante alugada
@ferrisss @dfittarelli @HudsonPF",0,0,0,0,0,0,0,0,1,0.667,0.667,0.667,0.667,3
442658465542991872l,BVMF3_Segue o trade. http://t.co/RLvRj0RQNl,0,0,0,0,0,0,0,0,1,1.000,1.000,1.000,1.000,3
459711941817417728l,$HGTX3 - Cia Hering (hgtx-nm) - Age - 2a Convocacao - 07/05/2014 - 15h / Aumento Do Cap. http://t.co/dyHY6t7JGO,0,0,0,0,0,0,0,0,1,1.000,1.000,1.000,1.000,3
460176624865275904l,"Análise semanal - IBOV, PETR4, VALE5, TIMP3, LPSB3, MULT3, GRND3, LIGT3 e ABCB4. Assista! http://t.co/SUW34F233Z",0,0,0,0,0,0,0,0,1,0.667,0.667,0.667,0.667,3
446308950687121408l,"RT @topBovespa: Novo data center da BM&amp,FBovespa (#BVMF3) custou R$ 200 milhões e tem sala de guerra. http://t.co/BDW1VFzQy7",0,0,0,0,0,0,0,0,1,1.000,1.000,1.000,1.000,3
449188871776247808l,$MRVE3 - Mrv (mrve-nm) - Fato Relevante - Alteracao Na Administracao Da Companhia http://t.co/PdxXl414Wg,0,0,0,0,0,0,0,0,1,0.667,0.667,0.667,0.667,3
469851345483472896l,$BISA3 - Brookfield (bisa-nm) - Demonstracoes Financeiras Em Ingles De 31/03/2014 http://t.co/GCMFmBL9sy,0,0,0,0,0,0,0,0,1,0.667,0.667,0.667,0.667,3
445985261789667329l,"Rastreamento ações-Gráfico diário-15h. Analise se romper: ALSC3 17,79 BVMF3 10,43 CCRO3 16,70 ESTC3 22,31 ICON 2252,17 MULT3 46,57",0,0,0,0,0,0,0,0,1,0.667,0.667,0.667,0.667,3
444319866720620544l,"Petr4, gráfico diário. Fechamento em R$ 13.11 com queda de 1.58%. http://t.co/JTZA8H8u7s",0,0,0,0,0,0,0,0,1,1.000,1.000,1.000,1.000,3
446424302104379392l,TIMP3 RT @epocanegocios: Justiça proíbe que TIM mantenha terceirizados em atividades-fim http://t.co/pfufJGug05,0,0,0,0,0,0,0,0,1,1.000,1.000,1.000,1.000,3
471258548895490048l,$RSID3 - Rossi Resid (rsid-nm) - Demonstracoes Financeiras Em Ingles De 31/03/2014 http://t.co/vYoi7DYCNw,0,0,0,0,0,0,0,0,1,1.000,1.000,1.000,1.000,3
449202677998960640l,"Ai vai uma análise da PETR4.
Abraço, André Mendonça, CNPI-T, MBA http://t.co/fpTCZomDGd",0,0,0,0,0,0,0,0,1,0.667,0.667,0.667,0.667,3
456118058529345536l,@Live_Trade Marcão alguma coisa para o ITUB4,1,0,0,0,1,0,0,0,0,0.667,0.667,1.000,0.667,3
448866856779010049l,Gráfico da #PETR4 de 60 minutos. Momento delicado... ou bom para venda? http://t.co/vYuBhgm0pA,0,0,0,0,0,0,0,1,0,0.667,0.667,0.667,0.667,3
449657325595660288l,"HGTX CIA HERING dividendos ||aprov 23/4/2014||dataex 24/4/2014||pagto 28/5/2014||HGTX3 R$0,3037 http://t.co/nN7pFUCoM3",0,0,0,0,0,0,0,0,1,0.667,0.667,0.667,0.667,3
471742799160029185l,"#GGBR4 a forte alta dos alugueis foram zerados ontem e termo em alta, só falta bombar e tem que pivotear pra cima! http://t.co/Nk49A0cONJ",1,0,1,0,1,0,0,0,0,0.667,0.667,0.667,0.667,3
441984391959822336l,"Apesar de pouco volume ainda, hype3 linda no mensal..... Nos 60 pivot acionado!",1,0,1,0,0,1,0,0,0,1.000,1.000,1.000,1.000,3
449331208393359361l,@ferrisss Alugou suas LLXL3 ontem?,0,0,0,0,0,0,0,0,1,0.750,0.750,0.750,0.750,4
441557761286209537l,$PETR3 - Petrobras (petr) - Comunicado http://t.co/mHuCIyQmFi,0,0,0,0,0,0,0,0,1,0.667,0.667,0.667,0.667,3
442007897296613376l,RT @picapautrader: #SBSP3: O índice que mede o volume de água armazenado nos reservatórios do Sistema Cantareira registrou novo... http://t…,0,0,0,0,0,0,0,0,1,0.667,0.667,0.667,0.667,3
453517640506818560l,"@kimsjrp bolsa bombando novamente, vamu que vamu Petr4 e Vale5, quero ganhar uma grana com vcs...uuuuuu",1,0,1,0,1,0,0,0,0,1.000,1.000,1.000,1.000,3
450737073709125632l,$ELET3 - Eletrobras (elet-n1) - Demonstracoes Financeiras De 31/12/2013 - Reapresentacao http://t.co/pjuOmjfttt,0,0,0,0,0,0,0,0,1,1.000,1.000,1.000,1.000,3
470982638564806656l,"Terceiro programa de recompra de ações da #CSN #CSNA3 anunciado em um total de recompra de 53.326.161 ações. Ativo sobe mais de 5,5%.",0,0,0,0,0,0,0,0,1,1.000,1.000,1.000,1.000,3
450952587366641664l,#PDGR3 Suportes e resistências http://t.co/2HnLmAflrF,1,0,0,0,0,0,0,0,0,0.667,0.667,0.667,0.667,3
464415910338772993l,$BBAS3 - Banco Do Brasil (bbas-nm) - Relatorio De Analise Gerencial   Reapresentacao http://t.co/06H7Ncc4jQ,1,0,0,0,0,0,0,0,0,0.667,0.667,0.667,0.667,3
458629777935826944l,"RT @ferrisss: PETR4: Estatal tenta separar em duas partes o Campo d Lula (Bacia de santos), mas a Agência vê estratégia d empresa p pagar m…",0,0,0,0,0,0,0,0,1,1.000,1.000,1.000,1.000,3
453249535666442241l,"Concórdia recomenda 15 papéis para comprar nessa semana, confira: As três carteiras da corre... http://t.co/0k8EGYu3PD #infomoney #vale5",1,0,0,0,0,0,0,0,0,0.667,0.667,0.667,0.667,3
464490017940054016l,A última indicação da #PETR4 resultou em 9.05 %. Confira a nova indicação agora em http://t.co/kgt1YiTbF7,0,0,0,0,0,0,0,0,1,0.667,0.667,0.667,0.667,3
445910769411293184l,"Foi lá agora é aguardar!!!! RT @Live_Trade: #vale5 26,28 o de 15 que fechar acima, cp rompimrnto",1,0,1,0,1,0,0,0,0,0.667,0.667,0.667,0.667,3
444974992342933504l,então é tipo elet3 vs cambi 1,0,0,0,0,0,0,0,0,1,0.667,0.667,0.667,0.667,3
448888350523813888l,#PETR3 #PETR4 - Fitch afirma rating da Petrobras em BBB com perspectiva estável - http://t.co/O6p9US6gV4,0,0,0,0,0,0,0,0,1,1.000,1.000,1.000,1.000,3
459304788837289984l,$BBDC3 - Bradesco (bbdc-n1) - Relatorios De Analise Gerencial http://t.co/NpevWwoQTO,0,0,0,0,0,0,0,0,1,0.667,0.667,0.667,0.667,3
441261378905841665l,PDGR3 vender a R$ 1.47 indicado em 05/03/2014 14:18 e finalizou a compra com resultado de R$ -0.09 ou -5.77 % http://t.co/kgt1YiTbF7,0,0,0,0,0,0,0,0,1,0.667,0.667,0.667,0.667,3
446305173074616320l,BRKM5 comprar a R$ 16.45 indicado em 19/03/2014 12:20 e finalizou a venda com resultado de R$ 1.37 ou 8.33 % http://t.co/kgt1YiTbF7,0,0,0,0,0,0,0,0,1,0.667,0.667,0.667,0.667,3
446344536202444800l,PETR4 comprar a R$ 13.32 indicado em 19/03/2014 14:10 e finalizou a venda com resultado de R$ 1.06 ou 7.96 % http://t.co/kgt1YiTbF7,0,0,0,0,0,0,0,0,1,1.000,1.000,1.000,1.000,3
447028425262637056l,Ativo c/ vol Financeiro Superior à sua MM21-12h: ESTC3 EURFUT RDNI3 SLED4,0,0,0,0,0,0,0,0,1,1.000,1.000,0.667,0.667,3
446963449541959680l,"Dilma presidente do Conselho #PETR4 Há! @SakaBrasil2 Por experiência, colocar tartaruga chiliquenta como gerente no alto do poste é prática",0,1,0,1,1,0,1,0,0,0.667,0.667,0.667,0.667,3
449304211566886912l,"27/03 O Ibovespa fechou em alta de +3,50%, aos 49.646 pts. Destaques: ELET3 +11,05%, LLXL3 +9,78% e RSID3 +9,15%. http://t.co/j9yUOf2ipY",0,0,0,0,0,0,0,0,1,0.667,0.667,0.667,0.667,3
453973417646358528l,$NATU3 - NATURA (NATU3) possui a marca mais valiosa da América Latina http://t.co/nhlQ8NeQX4,1,0,0,0,0,0,0,0,0,0.667,0.667,0.667,0.667,3
444320737214484480l,Oibr4 - diário http://t.co/C7hqR0cSmY,0,0,0,0,0,0,0,0,1,1.000,1.000,1.000,1.000,3
472452386892808192l,"@malcaetano : vários papéis com IMA-Entrada intetessante: GGBR4 a 0.85, VALE5 a 0.85. Surgindo compradores no mercado?",1,0,0,0,1,0,0,0,0,0.667,0.667,0.667,0.667,3
447853936054390784l,RT @r_oliveira_: Iniesta conseguiu um pênalti tentando um drible raio-x. 1º tempo de ótimo futebol e 2º tempo de bastante discussão de arbi…,0,0,0,0,0,0,0,0,1,1.000,1.000,1.000,1.000,3
443009081989541888l,"Cade aprova joint venture de Vale e Cemig GT em geração de energia: No âmbito da operação, o... http://t.co/dUvnfHHUDh #infomoney #vale5",0,0,0,0,0,0,0,0,1,1.000,1.000,1.000,1.000,3
441918867078537217l,"#VALE5 suportes e resistências, veja ainda notícia no comentário. http://t.co/sJrLzoBlUT",0,0,0,0,0,0,0,0,1,1.000,1.000,1.000,1.000,3
445961142213808128l,"#IBOV #MRFG3 Marfrig realiza assembleia geral ordinária dia 17 de abril de 2014, às 10:00h. http://t.co/5BYxsyu6Vm",0,0,0,0,0,0,0,0,1,1.000,1.000,1.000,1.000,3
443211595020132352l,"Petrobras confirma precificação de títulos de US$ 8,5 bilhões: SÃO PAULO, 10 Mar (Reuters) - A Petrobras PETR4... http://t.co/gSdgOFzDCy",0,0,0,0,0,0,0,0,1,0.667,0.667,0.667,0.667,3
459731276208287744l,RT @Live_Trade: timp3 deu vd e não vi ' que sorte' não pára de subir!,1,0,1,0,0,1,0,0,0,0.667,1.000,0.667,0.667,3
441241903300755461l,"Análises técnicas para IBOV, S&amp,P500, PETR4, VALE5, ABEV3, VIVT4, CMIG4, NATU3, ITUB4, PDGR3 e GGBR4  http://t.co/w456bv52ox",0,0,0,0,0,0,0,0,1,1.000,1.000,1.000,1.000,3
448431921731993600l,$DASA3 - Dasa (dasa-nm) - Demonstracoes Financeiras De 31/12/2013 (individual) http://t.co/milGFtLri8,0,0,0,0,0,0,0,0,1,1.000,1.000,1.000,1.000,3
461135160139083776l,A última indicação da #PETR3 resultou em -4.92 %. Confira a nova indicação agora em http://t.co/kgt1YiTbF7,0,0,0,0,0,0,0,0,1,1.000,1.000,1.000,1.000,3
449302361261875202l,"Banco do Brasil ON (BBAS3), Gráfico Diário. Ação s... http://t.co/uUcr12d64b",0,0,0,0,0,0,0,0,1,0.667,0.667,0.667,0.667,3
461619392502333440l,"Comunicado: O papel BISA3 esta em processo de OPA(fechamento de capital e saída da bolsa), ele será substituído por um novo papel",0,0,0,0,0,0,0,0,1,1.000,1.000,1.000,1.000,3
466620643405221889l,"#CSAN3 - Cosan tem lucro líquido de R$256,1 mi no 1º trimestre - http://t.co/VkURA9VncC",1,0,0,0,0,0,0,0,0,0.667,0.667,0.667,0.667,3
448798586508046336l,#GGBR4 suportes e resistências http://t.co/plOEedcYsN,0,0,0,0,0,0,0,0,1,1.000,1.000,1.000,1.000,3
455834836087750656l,"Vale distribuirá aos seus acionistas R$ 0,899 por ação a partir de 30 de abril: Valor refere... http://t.co/nY3YvqeyV1 #infomoney #vale5",0,0,0,0,0,0,0,0,1,1.000,1.000,1.000,1.000,3
443350283712987136l,#BBDC4 Suportes e resistências http://t.co/X3duJWXJaj,0,0,0,0,0,0,0,0,1,0.667,0.667,0.667,0.667,3
453145072138465280l,$RENT3 - Localiza (rent-nm) / Cyrela Realt (cyre-nm)- Dfs Em Ingles De 31/12/2013 http://t.co/08hUtSe7BK,0,0,0,0,0,0,0,0,1,0.667,0.667,1.000,0.667,3
461613393976111106l,Vale e Ambev perdem R$ 15 bi em valor e small cap sobe 26% 'sem motivo': Anhanguera dispara ... http://t.co/zlztvmAOJU #infomoney #vale5,0,0,0,0,0,0,0,0,1,1.000,1.000,1.000,1.000,4
449300443378634752l,#PETR4 15 min - acho que nao! (mensagem: 952919)  http://t.co/32XqwNSA6Y,0,0,0,0,0,0,0,0,1,1.000,1.000,0.667,1.000,3
454637616609378304l,"Rastreamento ações-Gráfico diário-12h. Analise se romper:ABEV3 17,19 BVMF3 11,55 CMIG4 15,96 CPFE3 18,99 CPLE6 30,83 CYRE3 13,75 HYPE3 16,72",1,0,0,0,1,0,0,0,0,0.667,0.667,0.667,0.667,3
448827600157552640l,"ECOR3 - ECORODOVIAS ON jscp ||aprov 25/3/2014||dataex 26/3/2014||pagto n/d||ECOR3 R$0,037497502 http://t.co/XRxkJbNvZ4",0,0,0,0,0,0,0,0,1,0.667,0.667,0.667,0.667,3
449189232142454784l,"Rastreamento ações-Gráfico diário-11h. Analise se romper:  BOVA11 48,15 BRML3 18,30 CPFE3 18,01 ICON 2301,35 INDFUT 49638,79 IVBX 6899,17",0,0,0,0,1,0,0,0,0,1.000,1.000,1.000,1.000,3
448564191511576577l,"Vale5, gráfico diário. Fechamento em R$ 27.61 com alta de 1.66%. http://t.co/j6DDUeV9bV",0,0,0,0,0,0,0,0,1,0.667,0.667,0.667,0.667,3
456503335634231296l,"@RaphaFigueredo tem que romper os 9,03 inicialmente. CTIP3 também me parece uma boa. Tend. alta e após correção, próximo a mm20.",1,0,0,0,1,0,0,0,0,1.000,1.000,1.000,1.000,3
449531433103527936l,"Atualização do estudo do IBOV, índice futuro, VALE5, PETR4 E Boi gordo em 27/03/14: http://t.co/Vl9Xr9bZw1 via @YouTube",0,0,0,0,0,0,0,0,1,0.750,0.750,0.750,0.750,4
443349556143878144l,#ITUB4 Suportes e resistências http://t.co/MwL9JDL7iC,0,0,0,0,0,0,0,0,1,0.667,0.667,0.667,0.667,3
465863243026923520l,"#IBOV #SUZB5 Lucro da Suzano cresce quase seis vezes, para R$ 201 milhões: http://t.co/jQDiqoijRw",1,0,0,0,0,0,0,0,0,0.667,0.667,0.667,0.667,3
458988430052302849l,$ENBR3 - Energias Br (enbr-nm) - Material A Disposicao http://t.co/aCe1pdwhIa,0,0,0,0,0,0,0,0,1,0.667,0.667,0.667,0.667,3
449511006461763584l,$RSID3 - Rossi Resid (rsid-nm) - Alteracao Da Politica De Divulgacao De Fato Relevante http://t.co/gJVTbOY0uA,0,0,0,0,0,0,0,0,1,1.000,1.000,1.000,1.000,3
449178082566754304l,$BBAS3 - Brasil (bbas-nm) - Demonstracoes Financeiras De 31/12/2013 (individual) http://t.co/N0DE4XbwLX,0,0,0,0,0,0,0,0,1,1.000,1.000,1.000,1.000,3
450589597601628160l,"Análises técnicas para #IBOV, #PETR4 e #CMIG4 http://t.co/wu2RvkGqqh",0,0,0,0,0,0,0,0,1,0.667,0.667,0.667,0.667,3
443043570438930432l,CMIg4 - acionado - parametros http://t.co/MPfzB6Vj0o,0,0,0,0,0,0,0,0,1,0.667,0.667,0.667,0.667,3
455678443704037376l,$PETR4 - Petrobras: Polícia Federal apreende documentos [Newsletter ADVFN] http://t.co/Lp8lM9FubO,0,0,0,0,0,0,0,0,1,1.000,1.000,1.000,1.000,3
441566478580875265l,$CIEL3 - Cielo (ciel-nm)-ago/e -31/03/2014-10h00-bonificacao/alteracao Do Estatuto Social http://t.co/ZODi2E6KmJ,0,0,0,0,0,0,0,0,1,0.667,0.667,0.667,0.667,3
441969694560366592l,"INTRADAY PETR4: Suportes 13,08 e 13,25 e resistências 13,66 e 13,90
INTRADAY VALE5: Suportes 27,78 e 27,94 e resistências 28,35 e 28,60",0,0,0,0,0,0,0,0,1,1.000,1.000,1.000,1.000,3
450939324423753728l,Estou a ver-vos @joanarauhl  @mel_cruz3  @Angela_dias24  @imcharliedrew http://t.co/zcOsA3I1jd,0,0,0,0,0,1,0,0,0,0.667,0.667,0.667,0.667,3
446670423242317824l,#VALE5 Alguém sabe dizer qual a vantagem das opções ? E o HOME BROKER ?,0,0,0,0,0,0,0,0,1,0.667,0.667,0.667,0.667,3
441014389496619009l,"#VALE5 - Análise #Ichimoku - pregão de sexta-feira, 28 de fevereiro. http://t.co/kEreB1xgU4",0,0,0,0,0,0,0,0,1,0.667,0.667,0.667,0.667,3
455903165368766464l,RT @PBOLSA: #MEAT #BOVESPA #JBSS3 #FRIBOI IPO da JBS Foods ajudaria JBS a financiar investimentos: http://t.co/v9DrUDFco8,0,0,0,0,1,0,0,0,0,0.667,0.667,0.667,0.667,3
443082763147563008l,@deisyliliana6 #SAMI_CRUZ3,0,0,0,0,0,0,0,0,1,0.667,0.667,0.667,0.667,3
458967227791052801l,@clubedopairico namorando???? casado faz tempo VALE5 hj e a OGX com grife,1,0,1,0,1,0,0,0,0,0.667,0.667,0.667,0.667,3
442113434277007360l,embr3(w)_Realização frustrada no semanal http://t.co/zk9mTY9DsZ,0,1,0,0,0,0,0,0,0,0.667,0.667,0.667,0.667,3
450980435699712000l,$AEDU3 - Anhanguera (aedu-nm)  - Demonstracoes Financeiras Em Ingles De 31/12/2013 http://t.co/glRrYpDP1n,1,0,0,0,0,0,0,0,0,0.667,0.667,0.667,0.667,3
448784949853032448l,$ECOR3 - Ecorodovias (ecor-nm) - Distribuicao De Juros Sobre Capital Proprio http://t.co/g7c3cn2A1B,0,0,0,0,0,0,0,0,1,0.667,0.667,0.667,0.667,3
443753866043981824l,"Petrobras emite US$ 8,5 bi em títulos
A PETROBRAS (PETR4) anunciou ontem a captação de US$ 8,5 bilhões em títulos... http://t.co/38rjULbYy5",0,0,0,0,0,0,0,0,1,1.000,1.000,1.000,1.000,3
441604670788599808l,Opinião - Solidez faz 3 trocas e indica 8 ações para comprar em março: No lugar das ações da Brookfield (BISA3... http://t.co/slxWoggiOW,1,0,0,0,1,0,0,0,0,0.667,0.667,0.667,0.667,3
459665910274748416l,$VALE5 - Vale: Excelente notícia [Newsletter ADVFN] http://t.co/MtvZrUaNZW,1,0,1,0,0,1,0,0,0,0.667,0.667,0.667,0.667,3
467347479005245440l,Compra de CRUZ3 - 16/05/2014 http://t.co/XbBQHncT14,0,0,0,0,0,0,0,0,1,0.667,0.667,0.667,0.667,3
460708193400659968l,#PETR4 - diario e 15 min (mensagem: 954842)  http://t.co/4sLYEWqQuL,0,0,0,0,0,0,0,0,1,0.667,0.667,0.667,0.667,3
441551076610027520l,"$PETR3 - Petrobras (petr) - Producao De 40 Mil Barris Por Dia Em Cascade &amp, Chinook http://t.co/pN8dvarHzp",0,0,0,0,0,0,0,0,1,1.000,1.000,1.000,1.000,3
458984919897604096l,"OI BR Pn (OIBR4), Gráfico Semanal. Ativo testando fundo de 2001. http://t.co/gm9HpwTnwA",0,0,0,0,0,0,0,0,1,0.667,0.667,0.667,0.667,3
449327281002270721l,$SBSP3 - SABESP anuncia pagamento de juros sobre capital próprio http://t.co/pxkdBw0jm0,1,0,1,0,1,0,0,0,0,0.667,0.667,0.667,0.667,3
445541968257765376l,"Notas gerais

A BROOKFIELD (BISA3) não conseguiu instalar a assembleia que definiria a saída da companhia da... http://t.co/P0Nc4AO2et",0,0,0,0,0,0,0,0,1,1.000,1.000,1.000,1.000,3
461220966992187394l,"Rastreamento ações-Gráfico diário-16h. Analise se romper:  LREN3 64,70  PETR3 16,21 PETR4 17,14 RADL3 19,08   VIVT4 46,75 WEGE3 26,92",0,0,0,0,0,0,0,0,1,0.667,0.667,0.667,0.667,3
444557059959570432l,Ativo c/ vol Financeiro Superior à sua MM21-16h: ALLL3 ALSC3 BBSE3 CPFE3 CRUZ3 CSNA3 DAYC4 DIRR3 ENBR3 EQTL3 FLRY3 GFSA3 IGTA3 IMAT LIGT3,0,0,0,0,0,0,0,0,1,0.667,0.667,0.667,0.667,3
443830052690882560l,"@DuctorMarcus 19,20 to saindo do DT comprado 3hs de trade no BBAS3, mas to segurando uma posição em swing.",0,0,0,0,0,0,0,0,1,0.667,0.667,0.667,0.667,3
466308784236007424l,@brazilfinance As puts de Petr4 estão bem liquidas,0,0,0,0,0,0,0,0,1,0.667,0.667,0.667,0.667,3
447490511918469120l,"Gatilho position, semana que vem:   Ativo jbss3 - Venda  - Validade 28/mar - Start 7,12 - Stop 8,06 - RP 6,18 http://t.co/gwwImv5m2r",1,0,0,0,1,0,0,0,0,0.667,1.000,1.000,0.667,3
452566520229797888l,"Análise semanal - IBOV, PETR4, VALE5, SMTO3, ABEV3, CRUZ3, ABRE11, BBDC4 e ITUB4. Assista! http://t.co/143CVKOlKu",0,0,0,0,0,0,0,0,1,1.000,1.000,1.000,1.000,3
455491513100034048l,que ganas de comer pizza,0,0,0,0,0,0,0,0,1,1.000,1.000,0.667,1.000,3
468362963326619648l,$CSAN3 - Cosan (csan-nm) - Esclarecimentos http://t.co/m3qpF8clYt,0,0,0,0,0,0,0,0,1,0.667,0.667,0.667,0.667,3
456409905574854656l,$BBDC3 - Bradesco (bbdc-n1) - Pagamento De Juros Sobre O Capital Proprio Mensais http://t.co/wJBfW4Fvvz,0,0,0,0,0,0,0,0,1,0.667,0.667,0.667,0.667,3
441377317600763904l,"Macktrader Investimentos : Banco do Brasil On (Bbas3), Gráfico Diário. http://t.co/9pBbMOk8Nh",0,0,0,0,0,0,0,0,1,0.667,0.667,0.667,0.667,3
456432299358564352l,"@Live_Trade  Marcos, vc está acompanhando #ABEV3?",0,0,0,0,0,0,0,0,1,0.667,0.667,0.667,0.667,3
446270385890541568l,RT @daltonvieira: Ação ex-juros hoje: LREN3. As cotações históricas foram ajustadas. Saiba mais! http://t.co/utSF6DP4ug,0,0,0,0,0,0,0,0,1,0.667,0.667,0.667,0.667,3
459337788920713217l,#lame4 entrando já já,0,0,0,0,1,0,0,0,0,0.667,0.667,0.667,0.667,3
447028025167982592l,"Rastreamento ações-Gráfico diário-12h. Analise se romper: BRFS3 44,3606 CCRO3 17,0225 ECOR3 13,1227 EMBR3 20,1302 MULT3 46,3155",0,0,0,0,1,0,0,0,0,1.000,1.000,0.667,1.000,3
453536632788885504l,EVEN3 - Corretora divulga carteira quantitativa para abril http://t.co/A2252YmOo3 via @infomoney,0,0,0,0,0,0,0,0,1,0.667,0.667,0.667,0.667,3
453609446594584577l,"Rastreamento ações-Gráfico diário-16h. Analise se romper:CCRO3 17,42 CYRE3 13,90 ECOR3 13,79 GFSA3 3,85 HYPE3 16,98 IGTA3 22,11 SMLL 1260,62",0,0,0,0,0,0,0,0,1,0.667,0.667,0.667,0.667,3
441546751867367424l,$BBAS3 - Banco Do Brasil (bbas-nm) - Fato Relevante   Acordo Com Os Correios http://t.co/kW3xh2fjzU,0,0,0,0,0,0,0,0,1,0.667,0.667,0.667,0.667,3
459657331467649026l,$LIGT3 - Light S/a (ligt-nm) - Deliberacoes De Assembleias / Distribuicao De Dividendo http://t.co/IoOoCOiGT1,0,0,0,0,0,0,0,0,1,0.667,0.667,0.667,0.667,3
446978675763073024l,$CYRE3 - Cyrela Realt (cyre-nm) - Demonstracoes Financeiras De 31/12/2013 (cons) http://t.co/7wgn2QWmIs,0,0,0,0,0,0,0,0,1,0.667,0.667,0.667,0.667,3
448574872981995521l,"Itau Unibanco PN (ITUB4), Gráfico Diário. http://t.co/UAejznW7Lx",0,0,0,0,0,0,0,0,1,0.667,0.667,0.667,0.667,3
445258830608609281l,#PETR3 #PETR4 - Conselho Fiscal da Petrobras faz alerta sobre dívida e rating de crédito - http://t.co/1Wvbdr6yQh,0,0,0,0,0,1,0,0,0,0.667,0.667,0.667,0.667,3
452411602084438016l,"Gatilho position, semana que vem:   Ativo mrve3 - Venda  - Validade 11/abr - Start 7,77 - Stop 8,41 - RP 7,13 http://t.co/WC4Kjli0xh",0,0,0,0,1,0,0,0,0,0.667,0.667,0.667,0.667,3
450682309034147841l,@manupuig1 de nada.,0,0,0,0,0,0,0,0,1,1.000,1.000,1.000,1.000,3
443142615639138304l,"Macktrader Investimentos : Petrobrás Pn (Petr4), Gráfico Semanal. Papel fazen... http://t.co/ZxJu5OTUCs",0,0,0,0,0,0,0,0,1,1.000,1.000,1.000,1.000,3
448160502041300992l,RT @Adriano3Luis: PETR4 só me traz alegrias...,1,0,1,0,0,0,0,0,0,1.000,1.000,1.000,1.000,3
448448004203483136l,LAME4 bateu no objetivo do Anderson agora quer ver e saber quais as operações do Anderson entre em contato: centraltrader@hotmail.com,0,0,0,0,0,0,0,0,1,0.667,0.667,0.667,0.667,3
441028254942502912l,"as nuvens do ichimoku: PETR4 - pregão de sexta-feira, 28 de fevereiro http://t.co/fZ3wAPf7An",0,0,0,0,0,0,0,0,1,1.000,1.000,1.000,1.000,3
460826183190720512l,marota por ti amg @mel_cruz3,0,0,0,0,0,0,0,0,1,0.667,0.667,0.667,0.667,3
441559785218244608l,$PETR3 - Petrobras (petr) - Producao De Petroleo E Gas Natural Em Janeiro http://t.co/wf0dVBgd7F,0,0,0,0,0,0,0,0,1,1.000,1.000,1.000,1.000,3
449553483365376001l,Dá-lhe Vale5!!!!,1,0,1,0,0,1,0,0,0,0.667,0.667,0.667,0.667,3
451065886502580226l,"#OIBR4 - Gradual recomenda BB, Oi e mais 8 ações para esta semana - InfoMoney 
Veja mais em: http://t.co/uksp6jugal",1,0,0,0,1,0,0,0,0,0.667,0.667,0.667,0.667,3
451110516505604096l,#OIBR4 (mensagem: 953210)  http://t.co/W31LRaQpAl,0,0,0,0,0,0,0,0,1,0.667,0.667,0.667,0.667,3
460862182520274945l,"Rastreamento ações-Gráfico diário-16h. Analise se romper:  ARTR3 18,98 BBAS3 23,35 BBTG11 30,68 BISA3 1,45  BOVA11 50,13 CMIG4 16,23",0,0,0,0,0,0,0,0,1,0.667,0.667,0.667,0.667,3
453176117260996609l,"Rastreamento ações-Gráfico diário-11h. Analise se romper:  FIBR3 25,78 INDX 11586,73 JBSS3 7,98 TBLE3 34,85 VALE3 33,28",1,0,0,0,1,0,0,0,0,0.667,0.667,0.667,0.667,3
454151938905743361l,a dormir,0,0,0,0,0,0,0,0,1,0.667,0.667,0.667,0.667,3
444490105676652544l,"Rastreamento ações-Gráfico diário-12h. Analise se romper:ALLL3 7,26 BRFS3 44,25",0,0,0,0,1,0,0,0,0,0.667,0.667,0.667,0.667,3
459714879784747008l,@clubedopairico fizeram um rouba monte na VALE5 que deu do,0,1,0,1,0,1,1,0,0,0.667,0.667,0.667,0.667,3
446757227136045056l,"@stancatiTrader: A #PETR4 cumpre o papel dela, ou seja, a empresa é um retrato perfeito do governo. Ineficiente, inflada e corrupta.",0,1,0,1,0,0,1,0,0,1.000,1.000,1.000,1.000,3
446614147900661760l,$RENT3 - Localiza (rent-nm) - Fato Relevante - Juros Sobre O Capital Proprio http://t.co/7dfYRMAvEm,0,0,0,0,0,0,0,0,1,1.000,0.667,1.000,1.000,3
441750277830369280l,perfil visualizado por 8 pessoas http://t.co/UCISBQZ0lP,0,0,0,0,0,0,0,0,1,0.667,0.667,0.667,0.667,3
445527782475698176l,$AEDU3 - Anhanguera (aedu-nm) - Demonstracoes Financeiras De 31/12/2013 (individual) http://t.co/ZVvChR52GU,0,0,0,0,0,0,0,0,1,1.000,1.000,0.667,1.000,3
450744132668239872l,RT @imcharliedrew: Estou a ver-vos @mel_cruz3 http://t.co/IbXZZ2nq64,0,0,0,0,0,0,0,0,1,1.000,1.000,1.000,1.000,3
442013763487948800l,Ativo c/ vol Financeiro Superior à sua MM21-16h: ABCB4 ABEV3 ALLL3 BBDC4 BEEF3 BRML3 BVMF3 CIEL3 CMIG3 CMIG4 CRUZ3 ELET6 ELPL4 EZTC3 GETI3,0,0,0,0,0,0,0,0,1,1.000,0.667,1.000,1.000,3
449571881864409088l,"CPFE CPFL ENERGIA dividendos ||aprov 26/3/2014||dataex 30/4/2014||pagto n/d||CPFE3 R$0,590062200 http://t.co/hW0GTPCvy5",0,0,0,0,0,0,0,0,1,1.000,1.000,1.000,1.000,3
453995260587175936l,"INTRADAY PETR4: Suportes 14,91 e 15,45 e resistências 16,80 e 17,61
INTRADAY VALE5: Suportes 29,30 e 29,69 e resistências 30,68 e 31,28",0,0,0,0,0,0,0,0,1,0.750,1.000,0.750,1.000,4
441409696948584448l,"RT @chrinvestor: Preocupações com a #PETR4 não param de crescer: produção, sumiço de investimentos, caixa e o endividamento. Quem arrisca u…",0,1,0,1,1,0,0,1,0,0.667,0.667,0.667,0.667,3
449571990345887744l,"RT @dividendo_br: CPFE CPFL ENERGIA dividendos ||aprov 26/3/2014||dataex 30/4/2014||pagto n/d||CPFE3 R$0,590062200 http://t.co/hW0GTPCvy5",0,0,0,0,0,0,0,0,1,1.000,1.000,1.000,1.000,3
441946579118063616l,#VALE5 NEXT VINTE E SETE E DEZ ...,0,0,0,0,0,0,0,0,1,1.000,1.000,1.000,1.000,3
453916996259049472l,"BOVESPA AGORA -1,21% -625.62 PONTOS  =&gt, #ELET3  R$ 6,74  -7,67%",0,0,0,0,0,0,0,0,1,1.000,1.000,1.000,1.000,3
445519322384171008l,"#VALE5 - Análise #Ichimoku - pregão de sexta-feira, 14 de março. http://t.co/07aH70ZkPX",0,0,0,0,0,0,0,0,1,0.667,0.667,0.667,0.667,3
453904604917293056l,Gráfico do IMA-crash da ITUB4: http://t.co/ezrYR4D3kj,0,0,0,0,0,0,0,0,1,0.667,0.667,0.667,0.667,3
445527777216061440l,$AEDU3 - Anhanguera (aedu-nm) - Demonstracoes Financeiras De 31/12/2013 (cons) http://t.co/iqRBSyB488,0,0,0,0,0,0,0,0,1,0.667,0.667,0.667,0.667,3
444445236816015360l,$MRVE3 - Mrv (mrve-nm) - Demonstracoes Financeiras De 31/12/2013 (cons) http://t.co/vGRPkijrbf,0,0,0,0,0,0,0,0,1,0.667,0.667,1.000,0.667,3
444077454463102977l,$DTEX3 - Duratex (dtex-nm) - Investimentos Em Unidade De Paineis Industrializados http://t.co/VBbLPpvHIN,0,0,0,0,0,0,0,0,1,1.000,1.000,1.000,1.000,3
441355386499526656l,"ALERTA ELLIOTTBRASIL
=&gt, VALE5: Duas oportunidades de compra que estão prestes a acontecer.... http://t.co/Fkwkf7jHHD",0,0,0,0,1,0,0,0,0,1.000,1.000,1.000,1.000,3
448806627571806209l,Estratégia de Análise Técnica para o pregão de hoje CSNA3 http://t.co/iD6QRl89ww,0,0,0,0,0,0,0,0,1,0.667,0.667,0.667,0.667,3
448147282345869313l,"Agora bonita mesmo está ITUB4! Passou desapercebida, mas teve uma arrancada sensacional nos últimos pregões. Quem pegou se deu bem!",1,0,1,0,0,1,0,0,0,1.000,1.000,1.000,1.000,3
469507340350541826l,é so o IFNC romper e darmos um dardo tranquilizante para a petr4 que o índice sobe 500 pontos fácil.. kkkkkkk,1,0,1,0,1,0,0,0,0,0.667,0.667,0.667,0.667,3
447010730395447296l,"INTRADAY PETR4: Suportes 12,85 e 13,42 e resistências 14,30 e 14,61
INTRADAY VALE5: Suportes 25,87 e 26,25 e resistências 26,99 e 27,35",0,0,0,0,0,0,0,0,1,0.667,0.667,0.667,0.667,3
446424882575052800l,"Análise da Bolsa 19 março BBAS3, IBOV, PETR4, VALE5, OIBR4, HYPE3, DASA3, RADL3 http://t.co/gTy9rMNnT3",0,0,0,0,0,0,0,0,1,0.667,0.667,0.667,0.667,3
448497855423344640l,$JBSS3 - Jbs (jbss-nm)- Demonstracoes Financeiras Em Ingles De 31/12/2013 http://t.co/rEl6UN3z3W,0,0,0,0,0,0,0,0,1,1.000,1.000,1.000,1.000,3
459376812175671296l,A última indicação da #USIM5 resultou em -1.29 %. Confira a nova indicação agora em http://t.co/kgt1YiTbF7,0,0,0,0,0,0,0,0,1,1.000,1.000,1.000,1.000,3
464754673673859072l,$TIMP3 - Tim Part S/a (timp-nm) - Demonstracoes Financeiras De 31/03/2014 (cons) http://t.co/bNfnDfQurF,0,0,0,0,0,0,0,0,1,1.000,1.000,1.000,1.000,3
446705938536218624l,"@clubedopairico eu pisco o olho e a #PETR4  bate. R$13,90??? Que isso?!?",0,0,0,0,0,1,0,0,0,0.667,0.667,1.000,0.667,3
448951505845256193l,"ELPL ELETROPAULO dividendos ||aprov 25/4/2014||dataex 28/4/2014||pagto n/d||ELPL3 R$0,388977082||ELPL4 R$0,427874790 http://t.co/FhJ4SZQxMA",0,0,0,0,0,0,0,0,1,0.667,0.667,0.667,0.667,3
446347773408190464l,#vale5 quem acreditou no Obj Parabéns!!!!!,1,0,1,0,0,1,0,0,0,1.000,1.000,0.667,0.667,3
464864439670702080l,@luizmoratoneto temos recomendação de venda para PDGR3.,1,0,0,0,1,0,0,0,0,0.667,0.667,0.667,0.667,3
441942098104033280l,"Rastreamento ações-Gráfico diário-11h. Analise se romper:  PCAR4 98,83 Ativo c/ vol Financeiro Superior à sua MM21-11h: TEMP3",0,0,0,0,0,0,0,0,1,0.667,0.667,0.667,0.667,3
456451163165319168l,"Rastreamento ações-Gráfico diário-12h. Analise se romper: ODPV3 9,32 RADL3 18,61 RENT3 34,95 WEGE3 34,54",0,0,0,0,0,0,0,0,1,0.667,1.000,1.000,1.000,3
448115361897279489l,A última indicação da #MRVE3 resultou em -0.55 %. Confira a nova indicação agora em http://t.co/kgt1YiTbF7,0,0,0,0,0,0,0,0,1,0.667,0.667,0.667,0.667,3
441285961402417154l,A China está derretendo ou algo do gênero para a #vale5 estar apanhando desse jeito? #bovespa,0,1,0,1,0,1,0,1,0,0.667,0.667,0.667,0.667,3
449658948401233920l,RT @stanleyburburin: Olha as corretoras que mais compararam a ação PETR4 da Petrobras - http://t.co/6hdGKu7et4 http://t.co/5HLoD6fgx8,0,0,0,0,0,0,0,0,1,1.000,1.000,1.000,1.000,3
449563541008556032l,@nahasbap Não será brml3 ?,0,0,0,0,0,0,0,0,1,0.667,0.667,0.667,0.667,3
452006635368906752l,RT @Angela_dias24: Esta tudo a gritar por uma aranha,0,0,0,0,0,0,0,0,1,0.667,0.667,0.667,0.667,3
443462759796453376l,#OIL #PETR4 Fitch atribui nota ‘BBB’ para emissão de bônus da Petrobras: http://t.co/ccxmKieLR4,0,0,0,0,0,0,0,0,1,0.667,1.000,1.000,1.000,3
451065209130463232l,Credit Suisse mostra as melhores ações para comprar e vender em 15 setores: São quinze setor... http://t.co/yhoCjeJV1i #infomoney #vale5,1,0,0,0,1,0,0,0,0,1.000,1.000,1.000,1.000,3
461190221179392002l,RT @imcharliedrew: A minha cara deu-me doenças haha amt http://t.co/fjlCPhhzGk,0,0,0,0,0,0,0,0,1,1.000,1.000,1.000,0.667,3
467371093570093057l,#PETR3 #PETR4 - Produção de petróleo no pré-sal bate novo recorde - http://t.co/Ky2sjzL8al,1,0,1,0,0,1,0,0,0,1.000,1.000,1.000,1.000,3
451062337240588288l,@itauunibanco_ri Boa tarde. Quanto a ITUB4 vai distribuir de dividendos?,0,0,0,0,1,0,0,0,0,0.667,0.667,0.667,0.667,3
448803320871026688l,seu perfil foi visto por 2 pessoas na última hora http://t.co/DAbXDMSS43,0,0,0,0,0,0,0,0,1,0.667,0.667,0.667,0.667,3
458979905888604160l,Triângulo Simétrico/Normal - Análise Técnica. CIEL3: http://t.co/CticOPuFkf via @YouTube,0,0,0,0,0,0,0,0,1,1.000,1.000,1.000,1.000,3
444180742932017152l,MRVE3 comprar a R$ 8.33 indicado em 13/03/2014 15:38 e finalizou a venda com resultado de R$ -0.05 ou -0.60 % http://t.co/kgt1YiTbF7,0,0,0,0,0,0,0,0,1,1.000,1.000,0.667,1.000,3
469218838568239105l,$ECOR3 - Ecorodovias (ecor-nm) - Demonstracoes Financeiras Em Ingles De 31/03/2014 http://t.co/eyITT3Fb9Y,1,0,0,0,0,0,0,0,0,0.667,0.667,0.667,0.667,3
461508389697495040l,"#oibr4 se 5'fechar acima 2,20 e romper vai ficar LINNDA",1,0,1,0,0,0,0,0,0,0.667,0.667,0.667,0.667,3
445891990052687872l,$VALE3 - Vale (vale-n1) - Demonstracoes Financeiras De 31/12/2013 (individual) http://t.co/5bzNVkTLV4,0,0,0,0,0,0,0,0,1,1.000,1.000,1.000,1.000,4
471038745169637376l,"Análise - 26.05.14 - IBOV, PETR4, VALE5, RENT3, TIMP3, PSSA3, GOLL4, EMBR3 e ABRE11. Assista! http://t.co/vN9JY0S9Nm",0,0,0,0,0,0,0,0,1,0.667,0.667,0.667,0.667,3
447113340926844928l,cada dia aparece mais trolha da #petrobras o buraco é bem mais p/ baixo! @deputadocaiado #petr4 #refinariaabreuelima http://t.co/sqHfbOK0sJ,0,1,0,1,0,1,1,0,0,1.000,1.000,1.000,1.000,3
457104410590842880l,$TIMP3 - Tim Part S/a (timp-nm) - Arquivamento Do Formulario Anual 20-f http://t.co/OLZrEpFUcJ,0,0,0,0,0,0,0,0,1,0.667,0.667,0.667,0.667,3
441232913498386433l,#BBDC4 suportes e resistências http://t.co/B6q9STwuQD,0,0,0,0,0,0,0,0,1,1.000,1.000,1.000,1.000,3
450979739944382464l,$ELET3 - Eletrobras (elet-n1) - Material A Disposicao (candidatos A Membros Do Ca E Cf) http://t.co/l9Z7Qm4mAV,0,0,0,0,0,0,0,0,1,1.000,1.000,1.000,1.000,3
469221430652305410l,$AEDU3 - Anhanguera (aedu-nm) - Demonstracoes Financeiras Em Ingles De 31/03/2014 http://t.co/BqTXjrOwF7,0,0,0,0,0,0,0,0,1,0.667,0.667,0.667,0.667,3
460783757025624064l,$ENBR3 - Energias Br (enbr-nm) - Reapresentacao Da Proposta Da Ago/e http://t.co/gBsA5NtlSy,0,0,0,0,0,0,0,0,1,1.000,1.000,1.000,1.000,3
461596679620542464l,#PETR4 leilão maluquinho!!!,0,0,0,0,0,0,0,0,1,0.667,0.667,1.000,1.000,3
443736172389761025l,"JCP BBAS3 Ex hoje de 0,31 por ação.",0,0,0,0,0,0,0,0,1,0.667,0.667,0.667,0.667,3
469219845238976512l,"#VALE5 - Análise #Ichimoku - pregão de quarta-feira, 21 de maio. http://t.co/hWULGbJ1ps",0,0,0,0,0,0,0,0,1,0.667,0.667,0.667,0.667,3
448890143391625217l,@clubedopairico Petr4 vai realizar agora?,0,0,0,0,0,0,0,0,1,0.667,0.667,0.667,0.667,3
447223256534495232l,pessoas que visitaram meu perfil e grupos que sigo no Twitter http://t.co/DAbXDMSS43,0,0,0,0,0,0,0,0,1,0.667,0.667,0.667,0.667,3
448451571664564224l,"$BBAS3 - Banco Do Brasil (bbas-nm) - Esclarecimentos A Consulta Da Bm&amp,fbovespa http://t.co/UaFXNfKifj",0,0,0,0,0,0,0,0,1,1.000,1.000,1.000,1.000,3
446987124722925568l,$RENT3 - Localiza (rent-nm) - Demonstracoes Financeiras De 31/12/2013 (cons) http://t.co/cuwaU9fOuF,0,0,0,0,0,0,0,0,1,1.000,1.000,1.000,1.000,3
443836032895549440l,"INTRADAY PETR4: Suportes 12,88 e 13,00 e resistências 13,20 e 13,28
INTRADAY VALE5: Suportes 25,45 e 25,78 e resistências 26,62 e 27,13",0,0,0,0,0,0,0,0,1,1.000,1.000,1.000,1.000,3
461192881529970688l,"Rastreamento ações-Gráfico diário-14h. Analise se romper:  CCRO3 18,10 CYRE3 13,41 DIRR3 11,18  GFSA3 3,67 GUAR3 104,26  HYPE3 16,68",0,0,0,0,0,0,0,0,1,0.667,1.000,0.667,1.000,3
462227964357529600l,"Segundo @ADVFNBRASIL, em abril ações da GOL (GOLL4) registraram maior ganho índice IBOVESPA - 30,6%. Mas ações da OI (OIBR4) caíram - 31,4%.",1,0,1,0,1,0,0,0,0,0.667,0.667,0.667,0.667,3
446725164081102848l,Ativo c/ vol Financeiro Superior à sua MM21-16h:  INDFUT INDX ISEE ITSA4 JSLG3 MILS3 MLCX MULT3 NATU3 OIBR3 OIBR4 PDGR3 PETR3 PETR4 PFRM3,0,0,0,0,0,0,0,0,1,0.667,0.667,0.667,0.667,3
456403968864686080l,$RENT3 - Localiza (rent-nm) - Comentarios S/ Os Resultados Do Periodo Findo Em 31/03/2014 http://t.co/e0f7lTamyS,0,0,0,0,0,0,0,0,1,1.000,1.000,1.000,1.000,3
445577499796180993l,"INTRADAY PETR4: Suportes 12,54 e 12,66 e resistências 13,01 e 13,24
INTRADAY VALE5: Suportes 25,47 e 25,79 e resistências 26,28 e 26,45",0,0,0,0,0,0,0,0,1,0.667,0.667,0.667,0.667,3
454294140973359106l,"Inva indica 8 ações e um ETF para investir em abril, confira: Saíram as ações da ALL (ALLL3) e, no lugar, foram... http://t.co/HIBPv2r2P5",1,0,1,0,1,0,0,0,0,1.000,1.000,1.000,1.000,3
446614292822228992l,"Localiza (RENT3) autoriza pagamento de R$ 13,9 mi em juros sobre capital próprio...",0,0,0,0,0,0,0,0,1,1.000,1.000,1.000,1.000,3
447121014158557185l,"Acabei de atualizar BVMF3, ITUB4, PDGR3, PETR4, USIM5 e VALE5 no INVISTA EM AÇÕES http://t.co/LNFxOOww7g",0,0,0,0,0,0,0,0,1,0.667,1.000,1.000,1.000,3
466602390146539520l,"@BlackWizardX @ELISLEITAO @deSimoni123 Fiquei até curioso , vou ver agora as #ondasdeelliot no gráfico intraday da #PETR4 .",0,0,0,0,0,0,0,0,1,1.000,1.000,1.000,1.000,3
452100882658635776l,"INTRADAY PETR4: Suportes 14,86 e 15,13 e resistências 15,66 e 15,92
INTRADAY VALE5: Suportes 28,60 e 29,07 e resistências 29,96 e 30,38",0,0,0,0,0,1,0,0,0,0.667,0.667,0.667,0.667,3
470908230130872320l,"Notas gerais

A SABESP (SBSP3) aprovou a emissão de debêntures simples, não conversíveis em ações, da espécie... http://t.co/LdzcwBTHfT",0,0,0,0,0,0,0,0,1,0.667,0.667,0.667,0.667,3
446711825158377472l,continua: geraram saída no lucro em vale5 e bova11,0,0,0,0,0,0,0,0,1,0.667,0.667,0.667,0.667,3
443098066326151168l,"@petrobras Neste momento PETR3 R$  12,43  e PETR4 R$ 12,96. Cambada de corruPTos.",0,1,0,1,0,0,1,0,0,1.000,1.000,1.000,1.000,3
456148229235560448l,"RT @ale_chumer: PETR4 caindo 3%, foi bem a (dês)Graça Foster hoje?",0,1,0,1,0,1,1,0,0,0.667,0.667,0.667,0.667,3
442003143623065601l,#SBSP3: O índice que mede o volume de água armazenado nos reservatórios do Sistema Cantareira registrou novo... http://t.co/Vq1afbYxNQ,0,0,0,0,0,0,0,0,1,0.667,0.667,0.667,0.667,3
469097963181314048l,"tentarão levar a #PETR4 a um teste nos R$17,75, por baixo ? o.O Se conseguirem, os caras são heróis ! :)",1,0,1,0,1,0,0,0,0,1.000,1.000,1.000,1.000,3
449602089220833280l,#ELET6 continua com prejuízo bilionario.  http://t.co/wUXaYvCvcW,0,0,0,0,0,0,0,0,1,1.000,1.000,1.000,1.000,3
449617191114387456l,$CPFE3 - Cpfl Energia (cpfe-nm)   Ago   29/04/2014   10h00  - Dividendo Complementar http://t.co/zeIfMG6sk0,0,0,0,0,0,0,0,0,1,0.667,0.667,0.667,0.667,3
468786582493745153l,ELET6 corrigiu e chegou na zona de suporte em fibo http://t.co/E6M95yYksW,0,0,0,0,0,0,0,0,1,1.000,1.000,1.000,1.000,3
443426474721550336l,"RT @Remaska: Deixa que et canti una cançó, una cançó per al somriure més bonic d'aquesta nit, que ets tan salvatge i tan catarra com jo.",1,0,1,0,0,1,0,0,0,0.667,0.667,0.667,0.667,3
449194373918765056l,Agora entendem pq eu estava tranquilo comprando #petr4 #BBAS3 e #vale5 Agora ficou desenhado para os q não entendiam.,1,0,0,0,0,0,0,0,0,0.667,0.667,0.667,0.667,3
464065444404789248l,$ELET3 - Eletrobras (elet-n1)- Material A Disposicao (ata) http://t.co/HQfQTM4bve,0,0,0,0,0,0,0,0,1,1.000,1.000,1.000,0.667,3
461192796553351168l,"Rastreamento ações-Gráfic diário-14h. Analise se romper:BBAS3 24,32 BBDC3 36,22 BBDC4 34,36 BOVA11 51,19 BRFS3 50,19 BRML3 19,40 BRSR6 12,88",0,0,0,0,0,0,0,0,1,0.667,0.667,0.667,0.667,3
454374627708784640l,#CRUZ3 - Análise #Ichimoku - Recomendação de Compra. http://t.co/3xVuPeOwc9,1,0,0,0,0,0,0,0,0,0.667,0.667,0.667,0.667,3
448156367472189440l,Venda de AEDU3 e Compra de BTOW3 - 04/03/2014 http://t.co/nFNnHIyPVE,0,0,0,0,0,0,0,0,1,1.000,1.000,0.667,1.000,3
469966875737473024l,"RT @Adriano3Luis: OGX tem 40%  de Piapara, pré sal, Bloco BS-4.Localiza-se próximo às descobertas gigantes Libra e Franco, e Tb a recente d…",0,0,0,0,0,0,0,0,1,1.000,1.000,1.000,1.000,3
467049432476053504l,RT @bobdevonne: #NasAulasEuCostumo  fazer tudo menos prestar atenção,0,0,1,0,0,0,0,0,0,0.667,0.667,0.667,0.667,3
459684982190268416l,"PCAR P.ACUCAR-CBD ON dividendos ||aprov 24/4/2014||dataex 6/5/2014||pagto 15/5/2014||PCAR3 R$0,127272||PCAR4 R$0,14 http://t.co/nFHvPrUXRj",0,0,0,0,0,0,0,0,1,0.667,0.667,0.667,0.667,3
443107830611333122l,Ativo c/ vol Financeiro Superior à sua MM21-16h: KEPL3 LPSB3 OIBR4 PETR3 PETR4 POMO4 SBSP3 SSBR3 SUZB5 USIM5 VALE3 VALE5 VIVT4,0,0,0,0,0,0,0,0,1,1.000,1.000,1.000,1.000,3
456147550555234304l,"Rastreamento ações-Gráfico diário-16h. Analise se romper:  ENBR3 10,12 ODPV3 9,32 STBP11 16,94",1,0,0,0,1,0,0,0,0,0.667,0.667,0.667,0.667,3
454675245505720320l,#PCAR4 - Receita do Pão de Açúcar fica perto de R$ 15 bilhões no trimestre - http://t.co/mOp8priwEm,0,0,0,0,0,0,0,0,1,1.000,1.000,1.000,1.000,3
461588891083218944l,"Rastreamento ações-Gráfico diário-16h. Analise se romper: BRFS3 50,33 CTIP3 28,42 CYRE3 13,57 ESTC3 23,59 GETI4 17,83 ODPV3 9,06 VIVT4 46,39",0,0,0,0,0,0,0,0,1,0.667,0.667,0.667,0.667,3
443061574711123969l,RT @otraderonline: CMIg4 - acionado - parametros http://t.co/MPfzB6Vj0o,0,0,0,0,0,0,0,0,1,1.000,1.000,0.667,0.667,3
449933762680598528l,"Dólar caindo é Ibovespa e Petr4 subindo.. Daí aparece anencéfalos como ESader e falam q o país reage.Ñ estrume, reage pq a Dilma cai na pesq",0,1,0,0,0,0,1,0,0,1.000,1.000,1.000,1.000,3
454359459591380992l,$TIMP3 - Tim Part S/a (timp-nm) - Deliberacoes Da Assembleia http://t.co/0MkHI1c4BP,0,0,0,0,0,0,0,0,1,0.667,0.667,0.667,0.667,3
453602630175318016l,RT @joanarauhl: @imcharliedrew @1avelagay @mel_cruz3 @Angela_dias24 pode ser as 4?,0,0,0,0,0,0,0,0,1,0.667,0.667,0.667,0.667,3
441021651724292097l,"RT @NuvensIchimoku: #PETR4 - Análise #Ichimoku - pregão de sexta-feira, 28 de fevereiro. http://t.co/oAHK5pB3e0",0,0,0,0,0,0,0,0,1,1.000,1.000,1.000,1.000,3
461152862169726976l,"Rastreamento ações-Gráfico diário-11h. Analise se romper: CYRE3 13,41 GFSA3 3,67 HYPE3 16,68 PETR4 17,14 VIVT4 46,75",0,0,0,0,0,0,0,0,1,0.667,0.667,0.667,0.667,3
456063870038470656l,quem tinha me perguntado cedo sobre #alll3?  saiu no Obj?,0,0,0,0,0,0,0,0,1,0.667,0.667,0.667,0.667,3
453584158045257728l,A última indicação da #ITUB4 resultou em 0.60 %. Confira a nova indicação agora em http://t.co/kgt1YiTbF7,0,0,0,0,0,0,0,0,1,1.000,1.000,1.000,1.000,3
441560681247412225l,"na #PETR4 fiquemos de olho em como ela se comporta ao enfrentar os R$13,5x ... Agora a região é resistência ... =/",0,1,0,1,1,0,0,1,0,0.667,0.667,0.667,0.667,3
445956581981954048l,$CPLE6 - Copel anunciou resultados de 2013 http://t.co/s9oCSZ5hGE,0,0,0,0,0,0,0,0,1,1.000,1.000,1.000,1.000,3
449628275036684288l,"Rastreamento ações-Gráfico SEMANAL-16h Analise se romper:ABEV3 17,1929 GFSA3 3,4386 GOLL4 11,208 ITUB3 31,7692 ITUB4 33,8645",0,0,0,0,0,0,0,0,1,0.667,0.667,0.667,0.667,3
452159279605493760l,"RT @asacchettn3: @ferrisss @dfittarelli vendinha de itub4 nos 35,10 começando a dar frutos, VAI QUE VAI!",1,0,1,0,0,1,0,0,0,1.000,1.000,0.667,1.000,3
459680505697669120l,Alll3 só de olho,0,0,0,0,0,0,0,0,1,1.000,1.000,1.000,1.000,3
468808060279218176l,"#BOVESPA #EMBR3 Embraer vende 28 cargueiros ao Brasil em negócio de R$ 7,2 bi. http://t.co/U1t7Xj8iOH",1,0,1,0,0,1,0,0,0,0.667,0.667,0.667,0.667,3
444428349222690816l,$SUZB5 - Aviso de Webcast: A Suzano Papel e Celulose S.A. anuncia a Webcast de sua Teleconferência sobre os http://t.co/QbsegbSTM7,0,0,0,0,0,0,0,0,1,0.667,1.000,0.667,0.667,3
443766012174172160l,Ativo c/ vol Financeiro Superior à sua MM21-12h: DASA3 ECOO11 SHOW3 SMTO3 SSBR3,0,0,0,0,0,0,0,0,1,0.667,0.667,0.667,0.667,3
443075685792632832l,Ativo c/ vol Financeiro Superior à sua MM21-14h: BBRK3 FLRY3 FNAM11 ITUB3 LPSB3 SBSP3 SSBR3 SUZB5 VALE5,0,0,0,0,0,0,0,0,1,0.667,0.667,0.667,0.667,3
443410433006133248l,#BRFS3 - Venda do setor de lácteos reforça aposta em internacionalização da BRF - http://t.co/N9joO8bHxy,0,0,0,0,0,0,0,0,1,0.667,0.667,0.667,0.667,3
469783422538235905l,#BBAS3 Banco da Brasil (mensagem: 956467)  http://t.co/75T8wtmEXw,0,0,0,0,0,0,0,0,1,1.000,1.000,1.000,1.000,3
453140831000866816l,"Boa semana a todos! De olho no setup de venda em MRVE3, muito bonita!",1,0,1,0,1,0,0,0,0,0.667,0.667,0.667,0.667,3
469891440202756096l,"Rastreamento ações-Gráfico diário-14h.Analise se romper: BRPR3 18,15 CIEL3 40,23 HYPE3 18,36 MPLU3 31,49 MRFG3 4,91 SULA11 17,25 TBLE3 34,32",0,0,0,0,1,0,0,0,0,0.667,0.667,0.667,0.667,3
450640734966673408l,"Desempenho das ações do Itaú Unibanco na semana passada:na Bovespa - ITUB4:5,99% e ITUB3: 6,58%, na NYSE – ITUB:9,35%,Índice Bovespa:5,04%.",0,0,0,0,0,0,0,0,1,0.667,1.000,1.000,1.000,3
460825419131150337l,"RT @GelatinaBabe: aiai mel cnhçt por dntr e pr fora ,)))))",0,0,0,0,0,0,0,0,1,0.667,0.667,0.667,0.667,3
449276856936976384l,@Marielos_Cruz3 podes descargar torrents?,0,0,0,0,0,0,0,0,1,1.000,1.000,1.000,1.000,3
456121237237141504l,Ativo c/ vol Financeiro Superior à sua MM21-14h: BBPO11 BOVA11 CMIG3 DTEX3 ENBR3 PFRM3 SMLE3 TECN3 TGMA3 VALE5,0,0,0,0,0,0,0,0,1,1.000,1.000,1.000,1.000,3
444256516233633793l,"Vale Pn (Vale5), Gráfico Diário. http://t.co/MFk67eiFFx",0,0,0,0,0,0,0,0,1,1.000,1.000,1.000,1.000,3
441274491155787776l,$BRFS3 - Brf Sa (brfs-nm) - Renuncia E Eleicao De Membros Do C.a. (complemento) http://t.co/0uRQWZmhv5,0,0,0,0,0,0,0,0,1,1.000,1.000,1.000,1.000,3
461548302069424128l,$BRML3 - Br Malls Par (brml-nm) / Concepa (cncp) - Relatorios Do Agente Fiduciario http://t.co/a3cZlkKck2,0,0,0,0,0,0,0,0,1,0.667,0.667,0.667,0.667,3
441209778648653824l,$PETR3 - Petrobras (petr) -candidatos Indicados Pelo Acionista Controlador Para O Ca E Cf http://t.co/D7kOIsDzeZ,0,0,0,0,0,0,0,0,1,1.000,1.000,1.000,1.000,3
443084129790623744l,RT @SamiCrux: @deisyliliana6 #SAMI_CRUZ3,0,0,0,0,0,0,0,0,1,0.667,0.667,0.667,0.667,3
450692779975659520l,$ELET3 - Eletrobras (elet-n1) - Material De Apresentacao http://t.co/tIHWgYjO1j,0,0,0,0,0,0,0,0,1,1.000,1.000,1.000,1.000,3
451358524929355776l,"A LIGHT S.A. fechou o dia de ontem ao preço de R$ 18,50 (-1,33%) com volume de R$ 18,88 mm.
$LIGT3",0,0,0,0,0,0,0,0,1,1.000,1.000,1.000,1.000,3
446418790340116480l,"Análises atualizadas de BVMF3, ITUB4, PDGR3, PETR4, USIM5 e VALE5 no INVISTA EM AÇÕES http://t.co/LNFxOOww7g",0,0,0,0,0,0,0,0,1,0.667,0.667,0.667,0.667,3
461589160152023042l,Ativo c/ vol Financeiro Superior à sua MM21-16h: ODPV3 OIBR3 OIBR4 PFRM3 SANB11 SHOW3 SLCE3 SSBR3 SULA11 TAEE11 TCSA3 TOTS3 VALE3 VALE5,0,0,0,0,0,0,0,0,1,0.667,0.667,0.667,0.667,3
443652491469922304l,seu perfil foi visto por 3 pessoas nas últimas 2 horas http://t.co/uivLxxo16M,0,0,0,0,0,0,0,0,1,0.667,0.667,0.667,0.667,3
447107450853138432l,"Hoje foi tríplice! Operações invictas na semana... PETR4, VALE5 e Futuros (dolar e indice) - 4 operações DT e 4... http://t.co/HdcbWZICul",1,0,1,0,0,1,0,0,0,1.000,1.000,1.000,1.000,3
448784722995720192l,No diário #PETR4 conseguiu vencer as duas LTB´s mas permanece abaixo da Média ROCK. Leia mais: http://t.co/Lyvy4iGds7,0,0,0,0,0,0,0,0,1,1.000,1.000,1.000,1.000,3
445681204080422914l,Gráfico diário da #VALE5 http://t.co/scJU0BTEHX,0,0,0,0,0,0,0,0,1,0.667,0.667,0.667,0.667,3
445602356219346944l,"#DASA3 desespero dos comprados vendendo abaixo de onde foi a OPA
R$ 14,80 / -2,12%",0,1,0,1,0,1,0,1,0,0.667,0.667,0.667,0.667,3
461550573804744706l,"INTRADAY PETR4: Suportes 16,18 e 16,43 e resistências 17,02 e 17,36
INTRADAY VALE5: Suportes 26,39 e 26,56 e resistências 26,99 e 27,25",0,0,0,0,0,0,0,0,1,0.667,0.667,0.667,0.667,3
460885750582493184l,"Vale Pn (VALE5), Gráfico Diário. Estudo e linhas d... http://t.co/my4WBCDPRV",0,0,0,0,0,0,0,0,1,0.667,0.667,0.667,0.667,3
447088099018178560l,Ativo c/ vol Financeiro Superior à sua MM21-16h: ALUP11 BBAS3 BRAP4 BRIN3 CGAS5 CIEL3 CRUZ3 CSMG3 CTIP3 ELET3 ELET6 ENEV3 ESTC3 EURFUT GETI4,0,0,0,0,0,0,0,0,1,0.667,1.000,0.667,1.000,3
453233938136592385l,"Rastreamento ações-Gráfico diário-15h. Analise se romper:JBSS3 8,07 LIGT3 19,19 NATU3 40,04 QUAL3 23,40 SULA11 15,18 TBLE3 35,03 UGPA3 56,83",0,0,0,0,0,0,0,0,1,0.667,0.667,0.667,0.667,3
443935701881462785l,PCAR4_VENDA http://t.co/ricFtnOyXh,0,0,0,0,0,0,0,0,1,1.000,1.000,1.000,1.000,3
449523852344037376l,$CPFE3 - Cpfl Energia (cpfe-nm) - Demonstracoes Financeiras De 31/12/2013 (cons) http://t.co/L1mnWwsbdB,0,0,0,0,0,0,0,0,1,1.000,1.000,1.000,1.000,3
457735688990228481l,PPS é diff dos outros Socialistas? Pasadenagate: novos documentos complicam Dilma e apontam necessidade de CPI #PETR4 http://t.co/XvDEzBtB98,0,1,0,0,1,0,1,0,0,0.667,0.667,0.667,0.667,3
454302298978930688l,A última indicação da #ITUB4 resultou em 1.86 %. Confira a nova indicação agora em http://t.co/kgt1YiTbF7,1,0,0,0,1,0,0,0,0,0.667,0.667,0.667,0.667,3
455679053480345600l,$TBLE3 - Tractebel (tble-nm) - Obras De Construcao Do Complexo Eolico Santa Monica http://t.co/BA3MoUuYIg,0,0,0,0,0,0,0,0,1,0.667,0.667,0.667,0.667,3
446296811092066304l,"Atualização do Estudo: IBOV, índice futuro, VALE5, PETR4: http://t.co/a6uhpWtnFo via @YouTube",0,0,0,0,0,0,0,0,1,0.667,0.667,0.667,0.667,3
458317402959519744l,RT @Nelson_Andradee: Odeio que demorem a responder,0,1,0,1,0,0,1,0,0,0.667,0.667,0.667,0.667,3
450696863571013632l,@Live_Trade INFELIZMENTE não. lembro de rsid3.,0,0,0,1,0,0,0,0,0,0.667,0.667,0.667,0.667,3
443107790090145792l,"RT @4skateboarders: DC SHOES: Chris Cole for the Cole Lite 2, nunca decepciona ! http://t.co/p4YxzufnvQ http://t.co/xCQr6viDI4",1,0,1,0,0,0,0,0,0,0.750,0.750,0.750,0.750,4
441288309286141952l,"$PETR4 nesse instante aos 13,32. #tátudobem",1,0,1,0,0,0,0,0,0,0.667,0.667,0.667,0.667,3
446978669509378048l,$CYRE3 - Cyrela Realt (cyre-nm) - Demonstracoes Financeiras De 31/12/2013 (individual) http://t.co/G8G2NUZr6G,0,0,0,0,0,0,0,0,1,0.667,0.667,0.667,0.667,3
456754304276119552l,$RENT3 - Localiza (rent-nm)- Demonstracoes Financeiras De 31/12/2013 (individual) http://t.co/cIrNasLkuG,0,0,0,0,0,0,0,0,1,0.667,0.667,0.667,0.667,3
451734140409638913l,OIBR4 pagando 38% de aluguel!!! Quem quiser só me falar!!,1,0,1,0,1,0,0,0,0,1.000,1.000,0.667,0.667,3
469514433887088640l,"IBOV, PETR4 e VALE5,  21 maio 14 - Sal Trade: http://t.co/DmHkHhHGm9 via @YouTube",0,0,0,0,0,0,0,0,1,0.667,0.667,0.667,0.667,3
466312002869395456l,@Live_Trade vc monitora RENT3? Tem objetivos?,0,0,0,0,0,0,0,0,1,1.000,1.000,0.667,1.000,3
